variant,num,neg|score,neg|p-value,neg|fdr,neg|rank,neg|goodsgrna,neg|lfc,pos|score,pos|p-value,pos|fdr,pos|rank,pos|goodsgrna,pos|lfc
NC_000023.11:56828728:T:C,5,1.0602e-12,2.219e-06,0.001238,1,4,-1.6533,0.94703,0.85192,1.0,1675,0,-1.6533
NC_000023.11:57404273:T:C,6,2.6262e-08,2.219e-06,0.001238,2,6,-1.4426,1.0,1.0,1.0,2127,0,-1.4426
NC_000023.11:8888590:T:C,6,3.0591e-08,2.219e-06,0.001238,3,6,-1.5609,0.99999,0.99997,1.0,2125,0,-1.5609
NC_000023.11:56922647:T:C,6,1.6958e-07,2.219e-06,0.001238,4,5,-1.2206,0.98712,0.94621,1.0,1916,0,-1.2206
SMC1A,5,6.0631e-07,6.6569e-06,0.002122,5,4,-1.3593,0.47237,0.41143,0.875029,1023,1,-1.3593
NC_000023.11:109880401:A:G,6,1.1591e-06,6.6569e-06,0.002122,6,6,-2.0214,0.99998,0.99991,1.0,2121,0,-2.0214
NC_000023.11:66111415:G:A,6,1.2941e-06,6.6569e-06,0.002122,7,5,-1.3132,0.98905,0.95106,1.0,1934,0,-1.3132
NC_000023.11:48650391:G:A,6,2.3724e-06,1.9971e-05,0.00495,8,5,-0.98956,0.80078,0.73248,1.0,1388,1,-0.98956
NC_000023.11:153275074:A:G,6,2.8066e-06,1.9971e-05,0.00495,9,6,-1.4282,1.0,0.99999,1.0,2126,0,-1.4282
