chr	pos	spdi	ref	alt	TF	ensembl_id	experiment	hg19_oligo_coord	oligo_auc	oligo_pval	ref_auc	alt_auc	pbs	pval	fdr	rsid
chr10	112626980	NC_000010.11:112626979:C:T	C	T	ALX1	ENSG00000180318	FL.6.0.G12	chr10:114386719-114386759	3.02599	0.00133	1.44024	-1.28154	2.72179	0.31704	1.0	rs76124550
chr10	112627010	NC_000010.11:112627009:T:C	T	C	ALX1	ENSG00000180318	FL.6.0.G12	chr10:114386749-114386789	3.6725	0.00049	-1.62935	0.59975	-2.2291	0.4039	1.0	rs115699571
chr10	112633817	NC_000010.11:112633816:T:G	T	G	ALX1	ENSG00000180318	FL.6.0.G12	chr10:114393556-114393596	1.06835	0.04213	2.04137	-2.32915	4.37052	0.12897	1.0	rs703332
chr10	112859387	NC_000010.11:112859386:G:A	G	A	ALX1	ENSG00000180318	FL.6.0.G12	chr10:114619126-114619166	6.30886	2e-05	1.08776	-0.37869	1.46646	0.57072	1.0	rs74156858
chr10	112933356	NC_000010.11:112933355:A:T	A	T	ALX1	ENSG00000180318	FL.6.0.G12	chr10:114693095-114693135	1.44146	0.02158	0.79777	-0.61519	1.41297	0.58432	1.0	rs116045311
chr10	112965627	NC_000010.11:112965626:A:G	A	G	ALX1	ENSG00000180318	FL.6.0.G12	chr10:114725366-114725406	1.00871	0.04667	-2.15453	1.37343	-3.52796	0.20994	1.0	rs76681197
chr10	112998590	NC_000010.11:112998589:C:T	C	T	ALX1	ENSG00000180318	FL.6.0.G12	chr10:114758329-114758369	3.3444	0.00077	-0.53331	-0.56353	0.03021	0.98903	1.0	rs7903146
chr10	113049143	NC_000010.11:113049142:G:T	G	T	ALX1	ENSG00000180318	FL.6.0.G12	chr10:114808882-114808922	1.07819	0.04132	0.01411	0.06392	-0.04981	0.985	1.0	rs12255372
chr10	113055038	NC_000010.11:113055037:T:G	T	G	ALX1	ENSG00000180318	FL.6.0.G12	chr10:114814777-114814817	1.4237	0.02224	-1.0734	1.09958	-2.17298	0.41473	1.0	rs115117929