#spdi	chrom	start	pos	ref	alt	kmer_coord	ref_score	alt_score	relative_binding_affinity	effect_on_binding
NC_000001.11:618820:T:C	chr1	618820	618821	T	C	.	0	0	0	no_binding
NC_000001.11:618876:G:A	chr1	618876	618877	G	A	chr1:618876-618887	0.366594988777617	0.2759089134631226	0.7526259821039011	binding_ablated
NC_000001.11:1147778:G:A	chr1	1147778	1147779	G	A	chr1:1147778-1147789	0.8089123149698865	0.6174918626494441	0.7633606896841861	binding_decreased
