#chr	pos	ID	ref	alt	repeat_type	mean_BAD	mean_SNP_per_segment	total_cover	n_aggregated	es_mean_ref	es_mean_alt	logitp_ref	fdrp_bh_ref	logitp_alt	fdrp_bh_alt	motif_log_pref	motif_log_palt	motif_fc	motif_pos	motif_orient	motif_conc	novel
chr19	9435653.0	rs1433060	C	A		1.25	263.5	73.0	2.0	1.4349511461894011	-1.104751195642913	4.221586590047205e-05	0.015028848260568	0.9967883068007664	1.0	2.003495359068703	1.968913183373999	-0.1148795010225674	10	-	No Hit	False
chr20	3658948.0	rs6139176	A	G		1.25	143.0	103.0	2.0	1.1854236718681703	-1.6218529981108074	0.0001027630063101	0.0243890868309437	0.9098008107791457	1.0	1.6793729716302015	2.3232902206443407	2.1390468002826504	6	-	No Hit	False
chr1	110338810.0	rs2030013	G	C		1.0	132.0	105.0	2.0	1.2903318073601535	-1.0208245200724266	2.6300376424860204e-05	0.0187258680145004	0.9994229368587872	1.0	5.669409206492715	5.323268345380235	-1.149855051318052	10	+	Weak Concordant	False
chr12	56636902.0	rs1107479	C	T		1.0	132.0	35.0	1.0	-1.612197934280066	1.7854694265188629	0.998781399812377	1.0	0.0001042350998236	0.0371076955372283	4.9989532986635	4.75227875950572	-0.8194350819216201	2	-	Weak Discordant	True
chr1	42335343.0	rs2487588	T	C		1.0	223.0	95.0	2.0	1.2989666023209687	-1.1168463515241207	3.060762698692662e-05	0.0145284202764611	0.9993589493543408	1.0	1.3163820868807468	1.649119264988265	1.1053289801689057	9	+	No Hit	False
chr6	28080846.0	rs203877	T	C		2.0	324.0	96.0	2.0	1.2921092554373408	-1.863698431548512	6.003647989157211e-05	0.0170983894731197	0.6175191455324597	0.8342953161652966	0.7545986530485974	1.4417111645103284	2.282538356173339	4	-	No Hit	False
chr6	27473153.0	rs7756216	C	T		2.0	324.0	80.0	2.0	-1.9183008971004647	1.0337228355202244	0.2415745823400359	0.8421106615721206	5.523980237998874e-05	0.0393307392945519	1.2385943196813614	1.018201881282403	-0.7321278330182323	2	+	No Hit	False
chr2	237085932.0	rs62621255	C	G		2.0	511.5	148.0	2.0	-2.7372692555137528	1.089524480357535	1.0	1.0	7.182214670940403e-05	0.0340915789713971	0.6984246318968249	1.4849181088073082	2.6126747773945795	4	+	No Hit	False
chr1	51878742.0	rs736756	A	C		1.0	223.0	79.0	2.0	1.5878812198550816	-1.4115510951965535	3.19019864505613e-06	0.0045428428705599	0.999931030235222	1.0	0.944742327661106	1.398489792782001	1.5073164523690243	7	-	No Hit	False
