#chr	pos	ID	ref	alt	repeat_type	mean_BAD	mean_SNP_per_segment	total_cover	n_aggregated	es_mean_ref	es_mean_alt	logitp_ref	fdrp_bh_ref	logitp_alt	fdrp_bh_alt	motif_log_pref	motif_log_palt	motif_fc	motif_pos	motif_orient	motif_conc	novel
chr10	38527602.0	rs12251572	A	T		2.5	57.0	73.0	1.0	-4.344295907915817	1.9820481692182543	1.0	1.0	3.571735163031079e-05	0.026788013722733	2.5825476279877644	2.007795037292569	-1.909286778639667	12	+	No Hit	False
chr17	62113012.0	rs4600523	A	T	SINE	3.0	631.0	78.0	1.0	-4.714245517666122	2.137964386302664	1.0	1.0	2.8603978764351428e-05	0.0429059681465271	2.340543877186532	1.7917273332036276	-1.823129096395795	21	+	No Hit	False
